trading_start,avg_return
2001-01-01,-0.09986686232705158
2001-02-01,-0.007033124010423536
2001-03-01,0.04096220972348304
2001-04-01,0.04335312402331245
2001-05-01,-0.03444086087036053
2001-06-01,0.10628356628041713
2001-07-01,0.03907578996076813
2001-08-01,0.015496184827994374
2001-09-01,0.057795072640627755
2001-10-01,0.07569895933414557
2001-11-01,0.010855585132056733
2001-12-01,-0.002879727606860971
2002-01-01,-0.02292031537114449
2002-02-01,-0.021719752088460935
2002-03-01,-0.0016754262468355152
2002-04-01,-0.007987142015535065
2002-05-01,0.03778289849872972
2002-06-01,0.010139774009478653
2002-07-01,0.031135333014877132
2002-08-01,0.024027653280741627
2002-09-01,0.05180513976901846
2002-10-01,0.01727479677241426
2002-11-01,0.05387808206595823
2002-12-01,0.03684613794230369
2003-01-01,0.03450606439806394
2003-02-01,0.015019699151030418
2003-03-01,0.05719935410342035
2003-04-01,0.017761922513470356
2003-05-01,0.05419794109954714
2003-06-01,0.033578691442832195
2003-07-01,0.011575096957717839
2003-08-01,0.04731232719425911
2003-09-01,0.07404068699259883
2003-10-01,0.047248887721383755
2003-11-01,0.050941061308622616
2003-12-01,0.037433706043230715
2004-01-01,0.03537422832938152
2004-02-01,0.050525415817004
2004-03-01,-0.00106034807984835
2004-04-01,-0.013578953700134289
2004-05-01,-0.02726839986207367
2004-06-01,-0.0036941436382102897
2004-07-01,-0.054669600495222806
2004-08-01,-0.04055501219303859
2004-09-01,0.01855785385342846
2004-10-01,-0.0219783077575122
2004-11-01,0.033871891255880957
2004-12-01,0.021450709687861565
2005-01-01,-0.011534647560665561
2005-02-01,0.049514188199446085
2005-03-01,0.03257134720691217
2005-04-01,0.01620262300495629
2005-05-01,0.06597027944572162
2005-06-01,0.049385909912206385
2005-07-01,0.014631181675176153
2005-08-01,0.03242335618766745
2005-09-01,0.042594720008363035
2005-10-01,-0.03505098777922843
2005-11-01,-0.021918568531852138
2005-12-01,-0.03900560315924071
2006-01-01,-0.02259832133762567
2006-02-01,-0.014348434603668908
2006-03-01,-0.0057091762967080685
2006-04-01,0.017071649654260557
2006-05-01,0.0580052612199851
2006-06-01,0.011249314847925008
2006-07-01,-0.009940303930207246
2006-08-01,0.031659523601516325
2006-09-01,0.013580200053056362
2006-10-01,-0.012045641652657414
2006-11-01,-0.04045960906392
2006-12-01,-0.005918653913937461
2007-01-01,-0.005247345629406886
2007-02-01,-0.030473748380167504
2007-03-01,0.021646210382758373
2007-04-01,-0.01814250556011513
2007-05-01,-0.07926660514556574
2007-06-01,-0.10871814794637973
2007-07-01,-0.138924125152963
2007-08-01,-0.08649620500007779
2007-09-01,-0.05494411471388936
2007-10-01,-0.021432093298509435
2007-11-01,-0.03383040704519005
2007-12-01,-0.05074342968874164
2008-01-01,-0.015757867431989293
2008-02-01,-0.017227175007192647
2008-03-01,0.05867561530860549
2008-04-01,0.031787233859227944
2008-05-01,0.01026800658450706
2008-06-01,-0.04639309919093624
2008-07-01,-0.021777450222657674
2008-08-01,0.05624798116838077
2008-09-01,0.19898508309095836
2008-10-01,0.037673016395712494
2008-11-01,0.16757970699090285
2008-12-01,0.12096538379037818
2009-01-01,0.15428803717270295
2009-02-01,0.09456653204302633
2009-03-01,0.11954854461688895
2009-04-01,0.10141466137450514
2009-05-01,0.03217908717484687
2009-06-01,0.034998292292051446
2009-07-01,-0.007280602025995625
2009-08-01,0.0026053709053652785
2009-09-01,-0.04853455366802596
2009-10-01,0.025422976102916117
2009-11-01,0.026014523418815973
2009-12-01,0.036256570983815836
2010-01-01,0.01760016913316071
2010-02-01,0.003508672376713801
2010-03-01,0.044302862051456574
2010-04-01,0.03391264572762231
2010-05-01,0.006482384730917795
2010-06-01,0.00404224542870768
2010-07-01,-0.015134790013061778
2010-08-01,-0.05706366667045494
2010-09-01,-0.04062290076789896
2010-10-01,-0.037654359006272745
2010-11-01,-0.03561060394814884
2010-12-01,0.002345389012158655
2011-01-01,-0.004046037063844515
2011-02-01,0.017169569291482546
2011-03-01,-0.022129322765884474
2011-04-01,-0.037024862018074284
2011-05-01,-0.003691301046134071
2011-06-01,0.00017099973840322135
2011-07-01,-0.0029840954067351876
2011-08-01,0.016353892838307175
2011-09-01,0.0021796595747822834
2011-10-01,0.04926074393754028
2011-11-01,-0.00884403386695216
2011-12-01,0.0004387934146955541
2012-01-01,-0.021045702588758246
2012-02-01,0.0039069964515304366
2012-03-01,-0.004158011721695387
2012-04-01,-0.04691175608292338
2012-05-01,0.0029050083426794106
2012-06-01,0.004124752477806892
2012-07-01,0.0344401854594701
2012-08-01,0.0019188493525330364
2012-09-01,0.018351563378629993
2012-10-01,0.037678944763646104
2012-11-01,0.004167420086220086
2012-12-01,-0.0185952436894952
2013-01-01,-0.0040711495515687755
2013-02-01,-0.01936143589694888
2013-03-01,0.002557647842811561
2013-04-01,0.0072916551194763925
2013-05-01,-0.004999535600459565
2013-06-01,-0.012411578263102963
2013-07-01,-0.02331942568840551
2013-08-01,-0.007053728280563093
2013-09-01,0.011145071913910754
2013-10-01,-0.007479289483718443
2013-11-01,0.017998747143746614
2013-12-01,0.027811457061190304
2014-01-01,0.021800760251131035
2014-02-01,0.02412560981158976
2014-03-01,0.001661275567855247
2014-04-01,0.014236217134165213
2014-05-01,0.006741985009282292
2014-06-01,-0.028268791304177282
2014-07-01,0.0062410796705471006
2014-08-01,0.013196514617071114
2014-09-01,-0.0019123738752776787
2014-10-01,0.004829063457470228
2014-11-01,0.0232609305272554
2014-12-01,-0.00440741494469068
2015-01-01,-0.03521105276996591
2015-02-01,-0.007671337695955976
2015-03-01,0.03239057781042293
2015-04-01,-0.030030899466802867
2015-05-01,-0.025634036249566828
2015-06-01,0.0007157482032424777
2015-07-01,-0.029686481439041994
2015-08-01,-0.04612317473943663
2015-09-01,-0.04836741148722378
2015-10-01,-0.04858054718717507
2015-11-01,0.006235316772955418
2015-12-01,0.006586389866109987
2016-01-01,0.032499126357810326
2016-02-01,0.0032899301508911793
2016-03-01,-0.06569648282896427
2016-04-01,-0.04947171519636863
2016-05-01,0.03045462379466942
2016-06-01,-0.01775772917383097
2016-07-01,0.061854916354067944
2016-08-01,0.04948045741912581
2016-09-01,0.03616129260661056
2016-10-01,0.03898822385147157
2016-11-01,0.0020480579104874773
2016-12-01,0.027405922672483207
2017-01-01,-0.00012937351289491473
2017-02-01,0.023138775041567427
2017-03-01,0.03333405886988054
2017-04-01,-0.02780125292372686
2017-05-01,-0.06189872035538859
2017-06-01,-0.01799021376547353
2017-07-01,0.0005400107933843434
2017-08-01,-0.07358545044496609
2017-09-01,-0.04559478823926667
2017-10-01,0.0034733819572427883
2017-11-01,0.009490205056794482
2017-12-01,0.008431352869857916
2018-01-01,-0.013472997337049314
2018-02-01,-0.012289294006461704
2018-03-01,0.019084295883905606
2018-04-01,0.0013354067640802714
2018-05-01,0.013729335049377307
2018-06-01,0.004915532830880409
2018-07-01,0.03825213088503843
2018-08-01,0.0009130636320264507
2018-09-01,0.016217129777846236
2018-10-01,0.0714911285944945
2018-11-01,0.023209822598354524
2018-12-01,0.014585322035777015
2019-01-01,-0.0011557477181306397
2019-02-01,0.014900916917407464
2019-03-01,-0.015701427444505523
2019-04-01,0.011110547274852384
2019-05-01,0.040763249874593475
2019-06-01,0.041979226732504794
2019-07-01,0.0008544892608044807
2019-08-01,0.011528972627670154
2019-09-01,0.004801101502763833
2019-10-01,-0.021851821197375033
2019-11-01,0.0384471157993025
2019-12-01,0.003788550178466343
2020-01-01,0.06033146929972871
2020-02-01,0.008467805570573217
2020-03-01,-0.0493199987988017
2020-04-01,-0.01854184684407944
2020-05-01,0.013178336741800462
2020-06-01,0.016197621624042684
2020-07-01,-0.015992121538973014
2020-08-01,-0.004822944997596818
2020-09-01,-0.01912888275458653
2020-10-01,0.021358240464631688
2020-11-01,0.010434049933975365
2020-12-01,0.042320569598147624
2021-01-01,0.019419169757853544
2021-02-01,0.063873423999793
2021-03-01,0.02110319077633315
2021-04-01,-0.025784116286829327
2021-05-01,-0.021724689058331404
2021-06-01,-0.11072625782457475
2021-07-01,-0.05012452188596961
2021-08-01,-0.009499878937509715
2021-09-01,0.049631752165741144
2021-10-01,0.02952509609479042
2021-11-01,-0.06609105940121704
2021-12-01,-0.06452385128373045
2022-01-01,-0.04288244459988226
2022-02-01,0.028681474784743234
2022-03-01,0.07171825493304292
2022-04-01,-0.004477097041084177
2022-05-01,0.006294066654989478
2022-06-01,0.04019669628209498
2022-07-01,0.014078350386484861
2022-08-01,0.056547829948682016
2022-09-01,0.033523017628431774
2022-10-01,0.10700970723384606
2022-11-01,0.029503793071110167
2022-12-01,0.05423962844032657
2023-01-01,-0.016266277229891334
2023-02-01,0.01756192173635948
2023-03-01,0.023717215786110257
2023-04-01,0.008086427258000906
2023-05-01,0.03870274135752649
2023-06-01,0.039977031131449944
2023-07-01,0.021697599712895293
2023-08-01,0.0246883997792406
2023-09-01,0.01334770219492103
2023-10-01,0.04408309832635874
2023-11-01,-0.022380554499290155
2023-12-01,0.008264339394863424
2024-01-01,-0.014570662720772093
2024-02-01,-0.01793487137391907
2024-03-01,-0.01292003942342732
2024-04-01,0.010876668301567177
2024-05-01,-0.04497065339066054
2024-06-01,0.010950336029715629
2024-07-01,0.01278510022102331
2024-08-01,-0.007643684672109385
2024-09-01,-0.012048834376260354
2024-10-01,-0.03207019120180105
2024-11-01,-0.0015689252498292394
2024-12-01,0.019158123508320413
2025-01-01,0.011872259553510938
2025-02-01,0.026075773950216947
2025-03-01,0.058932372753020115
2025-04-01,0.06255484061942027
2025-05-01,-0.011066816426005316
2025-06-01,-0.03335377516067945
2025-07-01,-0.025124818603151883
2025-08-01,0.010818614516730534
2025-09-01,-0.021788190303474148
2025-10-01,-0.05224769236030219
2025-11-01,-0.04054849590369758
2025-12-01,-0.04383532413590234
