Date,strategy,buy_hold
2007-05-31,0.006888816204638789,0.0037731427327679203
2007-06-30,-0.020024663079047905,-0.017346151475599193
2007-07-31,0.000315598243029702,-0.011168269981463719
2007-08-31,-0.0008392956350750637,0.011984690713104307
2007-09-30,0.038337121266048116,0.045554981401892694
2007-10-31,0.027481284552314345,0.031042808849812607
2007-11-30,-0.004699543372161374,-0.024153074572808332
2007-12-31,0.002988082850754098,-0.008361241161998878
2008-01-31,0.004216575947493924,-0.02606706944477395
2008-02-29,0.02249624026242619,0.00802652862697244
2008-03-31,0.0030320263798829794,0.01441492356220242
2008-04-30,0.01208166980625284,0.04457858092042779
2008-05-31,0.011751266983783393,0.01653232208745503
2008-06-30,0.0002697824099174424,-0.029564203189074288
2008-07-31,-0.02656250050043284,-0.02958692402273142
2008-08-31,-0.008646309135250533,-0.010148345560647653
2008-09-30,0.0031542984054857186,-0.05987841911104792
2008-10-31,-0.06695769629975094,-0.201213033793367
2008-11-30,0.028696028809443424,-0.07317440914504827
2008-12-31,0.027381388434046056,0.05806937232286038
2009-01-31,-0.02599490628072069,-0.12578149099415434
2009-02-28,-0.002897210620120298,-0.09862180155629982
2009-03-31,0.008228025285892152,0.057958051857798364
2009-04-30,-0.013820752941922611,0.08727268316936146
2009-05-31,0.00010833332935969034,0.07891728057424727
2009-06-30,-0.002689844058522374,-0.00829717751836101
2009-07-31,0.03509155499335788,0.05916166312036082
2009-08-31,0.04592092779011315,0.05036086514151461
2009-09-30,0.023152223654578766,0.028049474678557805
2009-10-31,-0.008175405180158832,-0.013415170231785557
2009-11-30,0.03587500265175425,0.0382924779065144
2009-12-31,0.009289424992948292,0.009289424992948292
2010-01-31,-0.044644887250160616,-0.039272331568720384
2010-02-28,0.017977001483219106,0.02908697848826223
2010-03-31,0.04657225540848077,0.042432680206063146
2010-04-30,0.01810122325026709,0.024718913152933352
2010-05-31,-0.07611426352242615,-0.06592244264141012
2010-06-30,-0.009120512941794504,-0.013156965084833373
2010-07-31,0.017364317673104316,0.06569024459030133
2010-08-31,-0.0023335230780615252,-0.013312121999937499
2010-09-30,0.003978097960446762,0.05781032192255462
2010-10-31,0.021596417668854073,0.021596417668854073
2010-11-30,-0.01426793920969891,-0.01426793920969891
2010-12-31,0.049859964978629726,0.049859964978629726
2011-01-31,0.02159398406279643,0.0154075463548353
2011-02-28,0.028770301589291676,0.03204814457689102
2011-03-31,-0.0009765649969262187,-0.0009329093061747118
2011-04-30,0.03705783619589343,0.04172923531302195
2011-05-31,-0.017612418691749628,-0.010773372532267822
2011-06-30,-0.02895087141308068,-0.02895087141308068
2011-07-31,-0.005598274915304286,0.00953339352144269
2011-08-31,-0.023818344760030464,-0.023818344760030464
2011-09-30,0.02641870970773848,-0.05621339516474857
2011-10-31,-0.007655146726385574,0.08254505334890958
2011-11-30,-0.0036165943802089137,-0.005785641083851623
2011-12-31,0.0068929895613589216,0.00953582800362771
2012-01-31,0.012126428379828825,0.036703775579955855
2012-02-29,0.0012104123722935095,0.02328869451762563
2012-03-31,0.003125210552798663,0.003125210552798663
2012-04-30,0.009208334199717316,0.009208334199717316
2012-05-31,-0.0508232234801735,-0.0508232234801735
2012-06-30,0.015820616425752932,0.031269999922446834
2012-07-31,0.014037922738833858,0.02592553520897676
2012-08-31,0.002371358466707983,0.023077558591607872
2012-09-30,-0.0025805138776187953,-0.0025805138776187953
2012-10-31,-0.012282614175225493,-0.012282614175225493
2012-11-30,0.008496598718404202,0.011690020294830971
2012-12-31,0.013025228151448081,0.011987852502147334
2013-01-31,0.025193728784318824,0.027950522005303215
2013-02-28,-0.007783848690253084,-0.005323029614815122
2013-03-31,0.015970998215713468,0.017322901027738924
2013-04-30,0.017569436566685158,0.02693187281508682
2013-05-31,-0.02678843936004508,-0.029861521402377522
2013-06-30,-0.01197856768964332,-0.018596110837352953
2013-07-31,0.022795566179489607,0.029568446366708877
2013-08-31,-0.017658205246608646,-0.02034239688667556
2013-09-30,0.015006107533942997,0.023271627017404727
2013-10-31,0.01579834509158346,0.024781072339973488
2013-11-30,-0.0034631978461556593,-0.009828039390236886
2013-12-31,0.009569108184307689,0.008709665375430563
2014-01-31,-0.02186001253624036,-0.0007074740662976975
2014-02-28,0.0325513616582012,0.04213760133301943
2014-03-31,0.003077448812011574,0.003077448812011574
2014-04-30,0.017486203579267647,0.017486203579267647
2014-05-31,0.017508642286566723,0.017508642286566723
2014-06-30,0.01250553418874092,0.01250553418874092
2014-07-31,-0.017726806666461804,-0.017726806666461804
2014-08-31,0.023791974885526,0.020663974885655145
2014-09-30,-0.02682798966471328,-0.03895713948959678
2014-10-31,0.03022312760815827,0.017795986057663214
2014-11-30,0.015431492439185308,-0.004639085304981183
2014-12-31,0.009815477399507735,-0.025680414693829978
2015-01-31,0.027410988670122434,0.011234946195632279
2015-02-28,-0.008381392143478873,0.01616974730633163
2015-03-31,-0.00034604965578946057,-0.0134791169851185
2015-04-30,-0.009284428503280508,0.012560883402036604
2015-05-31,-0.002387038808008799,-0.0067333486239191664
2015-06-30,-0.010293820878913274,-0.028252639829407445
2015-07-31,0.008610464882435722,0.0008866434874510665
2015-08-31,-0.027038801384557977,-0.04044963639641326
2015-09-30,4.166666573534409e-06,-0.01588561663212649
2015-10-31,5.6666669746239976e-05,0.04081836693612921
2015-11-30,-0.00043573351102807483,-0.022039174267987537
2015-12-31,0.0002794843060036598,-0.021558206236546827
2016-01-31,-0.016680535527493618,-0.027260859452199204
2016-02-29,0.005598584156199684,-0.005544023678589083
2016-03-31,0.02084067795529353,0.05630102846360659
2016-04-30,-0.00532227555662373,0.019796732625496395
2016-05-31,0.009604805194835947,0.011967456375966945
2016-06-30,0.024878468965586077,0.024878468965586077
2016-07-31,-3.7694393002388196e-05,0.007876424506594759
2016-08-31,-0.008194145261505966,-0.004236021112184951
2016-09-30,-0.003953668266739409,0.004149064876635933
2016-10-31,-0.03165086975393259,-0.03165086975393259
2016-11-30,0.008905904081897306,-0.011028811849794007
2016-12-31,0.01434800488843802,0.028229522508572448
2017-01-31,0.007264758723385676,0.008338801392270345
2017-02-28,0.010673196267995469,0.020685144343196172
2017-03-31,-0.006166163353960106,-0.007599442961858038
2017-04-30,0.007223571214708574,0.00520114647129144
2017-05-31,0.010382238433612133,0.009877356892966493
2017-06-30,0.002363480201840274,0.004549964492610137
2017-07-31,0.01075136901283099,0.01899240510358178
2017-08-31,0.006952148973865925,0.004735766059763691
2017-09-30,0.004050750084948232,0.009965164735805932
2017-10-31,0.01363745117612174,0.01363745117612174
2017-11-30,0.016890598195356255,0.016890598195356255
2017-12-31,0.016106804338596327,0.016106804338596327
2018-01-31,0.013787641536143846,0.013787641536143846
2018-02-28,-0.023743913110020182,-0.045721598510300845
2018-03-31,-0.0019335245860663344,0.011010532798927452
2018-04-30,0.013913021881881243,0.010792255908127357
2018-05-31,0.004796481796654703,0.015541674151582852
2018-06-30,0.012668561981514299,0.010165199528764223
2018-07-31,-0.001188877821902455,0.004184333809489726
2018-08-31,0.009490744763135881,0.011772271387257649
2018-09-30,-0.0018264032938791273,-0.00025420338177324365
2018-10-31,-0.0312807059453122,-0.05416822048675187
2018-11-30,0.010885036744630632,-0.004507446130462301
2018-12-31,-0.03236353394089164,-0.04693349555062389
2019-01-31,0.0023171236588913706,0.07043984332132247
2019-02-28,-0.00017063614733323385,0.017172668961463033
2019-03-31,0.023972416411062476,0.027958625817906
2019-04-30,0.01011953330389671,0.01524210281577949
2019-05-31,-0.025704563878031373,-0.025704563878031373
2019-06-30,0.006026306655675164,0.039277060842603496
2019-07-31,0.003390190915836451,0.0021572927753805483
2019-08-31,0.012637878144277059,0.012637878144277059
2019-09-30,0.009009022646260875,0.011817943036036982
2019-10-31,0.01147430513922911,0.012819321312633348
2019-11-30,0.006327950075363889,0.006862311307482605
2019-12-31,0.007195708763275013,0.019814206641398123
2020-01-31,-0.009107913197041184,-0.009107913197041184
2020-02-29,-0.03195893808668719,-0.04776090333886858
2020-03-31,0.012773381987561316,-0.1399962502041782
2020-04-30,0.002498029747927266,0.039759319848627975
2020-05-31,-0.0034385873289570117,0.05193143903015653
2020-06-30,0.004287496880471477,0.027293809437874607
2020-07-31,0.020690443490848972,0.039138730536964685
2020-08-31,0.013341793433460137,0.02349703217905843
2020-09-30,-0.01000712624120749,-0.02425289533991921
2020-10-31,-0.01883083098769677,-0.03174530481969486
2020-11-30,0.050331728519925914,0.09744202051399395
2020-12-31,0.034593314690667884,0.032127174185498264
2021-01-31,0.005885991890785211,-0.0013875977041230224
2021-02-28,0.037497148251498295,0.026025394936677194
2021-03-31,0.020620295073512453,0.010127618941038419
2021-04-30,0.048384545636426565,0.05337419301809754
2021-05-31,0.014662142064357248,0.014665201867360311
2021-06-30,0.01576126235201938,0.024592723180436947
2021-07-31,0.017887866611372674,0.02531453570408746
2021-08-31,0.0076887241205110925,0.0076887241205110925
2021-09-30,-0.021078627456364084,-0.021078627456364084
2021-10-31,0.04640870152345487,0.05133076556635321
2021-11-30,-0.030528677165704843,-0.030528677165704843
2021-12-31,0.03904974034761322,0.04782614042568798
2022-01-31,-0.018994343605101417,-0.018994343605101417
2022-02-28,0.004905081156303248,-0.00531524448648737
2022-03-31,0.018012474450024338,0.027878843083480587
2022-04-30,-0.016365299204329897,-0.04896058864538781
2022-05-31,0.012173158141043937,0.002052418430510472
2022-06-30,-0.0144285446842612,-0.06696747334953608
2022-07-31,6.013795674084132e-05,0.049377260353596755
2022-08-31,-0.004024430621984193,-0.04745645109588896
2022-09-30,-0.012891236596339648,-0.09415739555174671
2022-10-31,0.0033124999205271398,0.03546215419793728
2022-11-30,0.0035441664854685465,0.06166888098920518
2022-12-31,-0.01302141673187488,-0.03379501622633936
2023-01-31,0.021053926753653984,0.06648855608603008
2023-02-28,-0.021336510585214928,-0.041094249722286216
2023-03-31,0.015966123604701826,0.017170395088388867
2023-04-30,0.011385194029225226,0.008282889835994123
2023-05-31,-0.011372074784896533,-0.03350061757316891
2023-06-30,0.0240519269027398,0.04237730406394911
2023-07-31,0.01180860063446246,0.03258606975821239
2023-08-31,-0.016067175507269965,-0.02323437834833635
2023-09-30,-0.00755243988179583,-0.03974887807424845
2023-10-31,-0.009500488806262225,-0.036133600765396665
2023-11-30,-0.005292085977819548,0.06993342793928325
2023-12-31,0.03359088298895581,0.050099054183502155
2024-01-31,-0.011460510610631825,-0.003551487465097547
2024-02-29,0.017582288883347764,0.017582288883347764
2024-03-31,0.026968459208620683,0.027667048554392615
2024-04-30,-0.0414454158416937,-0.0414454158416937
2024-05-31,0.019110877024466483,0.03225592430869499
2024-06-30,0.009844856344348025,0.012610362108986094
2024-07-31,0.024964783634255805,0.024964783634255805
2024-08-31,0.021487474345888668,0.021487474345888668
2024-09-30,0.01705541542130045,0.015925511907405987
2024-10-31,-0.029215443218979665,-0.02709697432129641
2024-11-30,0.024517211369031053,0.022286031972635567
2024-12-31,-0.032915821382226054,-0.03425853377970378
2025-01-31,0.01695787294922032,0.026148530438943406
2025-02-28,0.008534504949470034,0.019229916685282133
2025-03-31,-0.013133519369934944,-0.013133519369934944
2025-04-30,-0.008257446085452579,-0.019689245277614953
2025-05-31,0.012402442563646476,0.022018696677053407
2025-06-30,0.017164654121662397,0.029993832209033976
2025-07-31,0.008730581985347232,0.00521933440182405
2025-08-31,0.014237807069419146,0.019870882120851464
2025-09-30,0.013768908575771515,0.020309976965708465
2025-10-31,0.007117971519072763,0.007117971519072763
2025-11-30,0.007777475836588499,0.007777475836588499
2025-12-31,-0.006014209028489837,-0.006014209028489837
2026-01-31,0.03889780383417085,0.03889780383417085
2026-02-28,0.03128953094739484,0.03128953094739484
2026-03-31,0.001837674720663296,0.001837674720663296
2026-04-30,0.025750530468227183,0.060493333810533165
2026-05-31,-0.0003998345762171983,6.893455310768015e-05
2026-06-30,-0.016890571061597102,-0.015169197863553396
